[
    {
        "name": "Fiery Furnace",
        "access_rules": [" "],
        "visibility_rules": [""],
        "sections": [
            {
                "name": "Clear",
                "access_rules": ["EASY, cartwheel, controllablebarrels", "NORMAL, cartwheel, controllablebarrels", "HARD, controllablebarrels, cartwheel", "HARD, controllablebarrels, diddy, dixie"],
                "chest_unopened_img": "images/checks/clear_disabled.png",
                "chest_opened_img": "images/checks/clear.png",
                "visibility_rules": [],
                "item_count": 1
            },
            {
                "name": "DK Coin",
                "access_rules": ["EASY, cartwheel, controllablebarrels, teamattack, diddy, dixie", "NORMAL, cartwheel, controllablebarrels, teamattack, diddy, dixie", "HARD, controllablebarrels, cartwheel", "HARD, controllablebarrels, diddy, dixie"],
                "chest_unopened_img": "images/checks/dkcoin_disabled.png",
                "chest_opened_img": "images/checks/dkcoin.png",
                "visibility_rules": [],
                "item_count": 1
            },
            {
                "name": "KONG",
                "access_rules": ["EASY, cartwheel, controllablebarrels, teamattack, diddy, dixie", "NORMAL, cartwheel, controllablebarrels, teamattack, diddy, dixie", "HARD, controllablebarrels, cartwheel", "HARD, controllablebarrels, diddy, dixie"],
                "chest_unopened_img": "images/checks/kong_disabled.png",
                "chest_opened_img": "images/checks/kong.png",
                "visibility_rules": [],
                "item_count": 1
            }
        ],
        "map_locations": [
            {
                "map": "Lost World",
                "x": "563",
                "y": "286",
                "size": 20
            }
        ]
    }
]