[
    {
        "name": "Klobber Karnage",
        "access_rules": [""],
        "visibility_rules": [""],
        "sections": [
            {
                "name": "Clear",
                "access_rules": ["EASY, carry, controllablebarrels, kongbarrels, barrelkannons, diddy, dixie", "NORMAL, carry, controllablebarrels, kongbarrels, barrelkannons, diddy, dixie", "HARD, carry, controllablebarrels, kongbarrels, barrelkannons, diddy, dixie", "HARD, teamattack, barrelkannons, controllablebarrels, kongbarrels, diddy, dixie"],
                "chest_unopened_img": "images/checks/clear_disabled.png",
                "chest_opened_img": "images/checks/clear.png",
                "visibility_rules": [],
                "item_count": 1
            },
            {
                "name": "DK Coin",
                "access_rules": ["EASY, carry, controllablebarrels, kongbarrels, barrelkannons, diddy, dixie, exclamationbarrels", "NORMAL, carry, controllablebarrels, kongbarrels, barrelkannons, diddy, dixie, exclamationbarrels", "HARD, carry, controllablebarrels, kongbarrels, barrelkannons, exclamationbarrels, diddy, dixie", "HARD, teamattack, barrelkannons, exclamationbarrels, controllablebarrels, kongbarrels, diddy, dixie"],
                "chest_unopened_img": "images/checks/dkcoin_disabled.png",
                "chest_opened_img": "images/checks/dkcoin.png",
                "visibility_rules": [],
                "item_count": 1
            },
            {
                "name": "KONG",
                "access_rules": ["EASY, carry, controllablebarrels, kongbarrels, barrelkannons, diddy, dixie", "NORMAL, carry, controllablebarrels, kongbarrels, barrelkannons, diddy, dixie", "HARD, carry, controllablebarrels, kongbarrels, barrelkannons, diddy, dixie", "HARD, teamattack, barrelkannons, controllablebarrels, kongbarrels, diddy, dixie"],
                "chest_unopened_img": "images/checks/kong_disabled.png",
                "chest_opened_img": "images/checks/kong.png",
                "visibility_rules": [],
                "item_count": 1
            }
        ],
        "map_locations": [
            {
                "map": "Lost World",
                "x": "457",
                "y": "315",
                "size": 20
            }
        ]
    }
]