[
    {
        "name": "Screech's Sprint",
        "access_rules": [" "],
        "visibility_rules": [""],
        "sections": [
            {
                "name": "Clear",
                "access_rules": ["EASY, climb, carry, cartwheel, squawks", "NORMAL, climb, cartwheel, squawks", "HARD, climb, squawks, teamattack, diddy, dixie", "HARD, climb, squawks, cartwheel"],
                "chest_unopened_img": "images/checks/clear_disabled.png",
                "chest_opened_img": "images/checks/clear.png",
                "visibility_rules": [],
                "item_count": 1
            },
            {
                "name": "DK Coin",
                "access_rules": ["EASY, climb, carry, cartwheel, squawks", "NORMAL, climb, cartwheel, squawks", "HARD, climb, squawks, teamattack, diddy, dixie", "HARD, climb, squawks, cartwheel"],
                "chest_unopened_img": "images/checks/dkcoin_disabled.png",
                "chest_opened_img": "images/checks/dkcoin.png",
                "visibility_rules": [],
                "item_count": 1
            },
            {
                "name": "KONG",
                "access_rules": ["EASY, climb, carry, cartwheel, squawks", "NORMAL, climb, cartwheel, squawks", "HARD, climb, squawks, teamattack, diddy, dixie", "HARD, climb, squawks, cartwheel"],
                "chest_unopened_img": "images/checks/kong_disabled.png",
                "chest_opened_img": "images/checks/kong.png",
                "visibility_rules": [],
                "item_count": 1
            },
            {
                "name": "Bonus #1",
                "access_rules": ["EASY, climb, carry, cartwheel, squawks, teamattack, helicopterspin, dixie, diddy", "NORMAL, climb, cartwheel, teamattack, helicopterspin, diddy, dixie", "HARD, climb, teamattack, diddy, dixie, cartwheel, carry"],
                "chest_unopened_img": "images/checks/kremkoin_disabled.png",
                "chest_opened_img": "images/checks/kremkoin.png",
                "visibility_rules": [],
                "item_count": 1
            }
        ],
        "map_locations": [
            {
                "map": "The Flying Krock",
                "x": "561",
                "y": "402",
                "size": 20
            }
        ]
    }
]