{
    "tracker_broadcast": {
        "type": "array",
        "orientation": "vertical",
        "margin": "0,0",
        "content": [
            {
                "type": "array",
                "orientation": "vertical",
                "margin": "0,0",
                "content": [
                    {
                        "type": "layout",
                        "key": "shared_item_grid_vertical"
                    }
                ]
            }
        ]
    }
}