{
    "settings_popup": {
        "type": "array",
        "margin": "5",
        "content": [
            {
                "type": "group",
                "header": "Autofill Settings",
                "description": "Enable/Disable the automatic fill of the settings panel from for connected Slot_Data",
                "header_background": "#3e4b57",
                "content": [
                    {
                        "type": "item",
                        "margin": "5,1,5,5",
                        "item": "autofill_settings"
                    }
                ]
            }
        ]
    }
}