{
    "tabbed_maps_horizontal": {
        "type": "tabbed",
        "tabs": [
            {
                "title": "Gangplank Galleon",
                "content": {
                    "type": "map",
                    "maps": [
                        "Gangplank Galleon"
                    ]
                }
            },
            {
                "title": "Crocodile Cauldron",
                "content": {
                    "type": "map",
                    "maps": [
                        "Crocodile Cauldron"
                    ]
                }
            },
            {
                "title": "Krem Quay",
                "content": {
                    "type": "map",
                    "maps": [
                        "Krem Quay"
                    ]
                }
            },
            {
                "title": "Krazy Kremland",
                "content": {
                    "type": "map",
                    "maps": [
                        "Krazy Kremland"
                    ]
                }
            },
            {
                "title": "Gloomy Gulch",
                "content": {
                    "type": "map",
                    "maps": [
                        "Gloomy Gulch"
                    ]
                }
            },
            {
                "title": "K. Rool's Keep",
                "content": {
                    "type": "map",
                    "maps": [
                        "K. Rool's Keep"
                    ]
                }
            },
            {
                "title": "The Flying Krock",
                "content": {
                    "type": "map",
                    "maps": [
                        "The Flying Krock"
                    ]
                }
            },
            {
                "title": "Lost World",
                "content": {
                    "type": "map",
                    "maps": [
                        "Lost World"
                    ]
                }
            }
        ]
    }
}