[
    {
        "name": "Ghostly Grove",        
        "access_rules": [" "],
        "visibility_rules": [""],
        "sections": [
            {
                "name": "Clear",
                "access_rules": ["EASY, climb", "NORMAL, climb", "HARD, climb"],
                "chest_unopened_img": "images/checks/clear_disabled.png",
                "chest_opened_img": "images/checks/clear.png",
                "visibility_rules": [],
                "item_count": 1
            },
            {
                "name": "DK Coin",
                "access_rules": ["EASY, climb, barrelkannons, cartwheel", "EASY, climb, barrelkannons, helicopterspin, dixie", "NORMAL, climb, barrelkannons, cartwheel", "NORMAL, climb, barrelkannons, helicopterspin, dixie", "HARD, cartwheel, climb, teamattack, diddy, dixie"],
                "chest_unopened_img": "images/checks/dkcoin_disabled.png",
                "chest_opened_img": "images/checks/dkcoin.png",
                "visibility_rules": [],
                "item_count": 1
            },
            {
                "name": "KONG",
                "access_rules": ["EASY, climb, teamattack, diddy, dixie, carry", "NORMAL, climb, teamattack, diddy, dixie, carry", "HARD, climb, carry"],
                "chest_unopened_img": "images/checks/kong_disabled.png",
                "chest_opened_img": "images/checks/kong.png",
                "visibility_rules": [],
                "item_count": 1
            },
            {
                "name": "Bonus #1",
                "access_rules": ["EASY, climb, carry", "NORMAL, climb, carry", "HARD, carry, climb, teamattack, diddy, dixie"],
                "chest_unopened_img": "images/checks/kremkoin_disabled.png",
                "chest_opened_img": "images/checks/kremkoin.png",
                "visibility_rules": [],
                "item_count": 1
            },
            {
                "name": "Bonus #2",
                "access_rules": ["EASY, climb", "NORMAL, climb", "HARD, climb"],
                "chest_unopened_img": "images/checks/kremkoin_disabled.png",
                "chest_opened_img": "images/checks/kremkoin.png",
                "visibility_rules": [],
                "item_count": 1
            }
        ],
        "map_locations": [
            {
                "map": "Gloomy Gulch",
                "x": "324",
                "y": "286",
                "size": 20
            }
        ]
    }
]