[
    {
        "name": "Haunted Hall",
        "access_rules": [" "],
        "visibility_rules": [""],
        "sections": [
            {
                "name": "Clear",
                "access_rules": ["EASY, cling, skullkart", "HARD, skullkart"],
                "chest_unopened_img": "images/checks/clear_disabled.png",
                "chest_opened_img": "images/checks/clear.png",
                "visibility_rules": [],
                "item_count": 1
            },
            {
                "name": "DK Coin",
                "access_rules": ["EASY, cling, skullkart", "HARD, skullkart"],
                "chest_unopened_img": "images/checks/dkcoin_disabled.png",
                "chest_opened_img": "images/checks/dkcoin.png",
                "visibility_rules": [],
                "item_count": 1
            },
            {
                "name": "KONG",
                "access_rules": ["EASY, cling, skullkart", "HARD, skullkart", "NORMAL, skullkart, cartwheel", "NORMAL, skullkart, helicopterspin, dixie", "NORMAL, skullkart, cling", "NORMAL, skullkart, teamattack, diddy, dixie"],
                "chest_unopened_img": "images/checks/kong_disabled.png",
                "chest_opened_img": "images/checks/kong.png",
                "visibility_rules": [],
                "item_count": 1
            },
            {
                "name": "Bonus #1",
                "access_rules": ["EASY, cling, skullkart", "HARD, skullkart", "NORMAL, skullkart, cartwheel", "NORMAL, skullkart, helicopterspin, dixie", "NORMAL, skullkart, cling", "NORMAL, skullkart, teamattack, diddy, dixie"],
                "chest_unopened_img": "images/checks/kremkoin_disabled.png",
                "chest_opened_img": "images/checks/kremkoin.png",
                "visibility_rules": [],
                "item_count": 1
            },
            {
                "name": "Bonus #2",
                "access_rules": ["EASY, cling, skullkart", "HARD, skullkart", "NORMAL, skullkart, cartwheel", "NORMAL, skullkart, helicopterspin, dixie", "NORMAL, skullkart, cling", "NORMAL, skullkart, teamattack, diddy, dixie"],
                "chest_unopened_img": "images/checks/kremkoin_disabled.png",
                "chest_opened_img": "images/checks/kremkoin.png",
                "visibility_rules": [],
                "item_count": 1
            },
            {
                "name": "Bonus #3",
                "access_rules": ["EASY, cling, skullkart", "HARD, skullkart", "NORMAL, skullkart, cartwheel", "NORMAL, skullkart, helicopterspin, dixie", "NORMAL, skullkart, cling", "NORMAL, skullkart, teamattack, diddy, dixie"],
                "chest_unopened_img": "images/checks/kremkoin_disabled.png",
                "chest_opened_img": "images/checks/kremkoin.png",
                "visibility_rules": [],
                "item_count": 1
            }
        ],
        "map_locations": [
            {
                "map": "Gloomy Gulch",
                "x": "472",
                "y": "324",
                "size": 20
            }
        ]
    }
]