[
    {
        "name": "Kreepy Krow",
        "access_rules": [" "],
        "visibility_rules": [""],
        "sections": [
            {
                "name": "Clear",
                "access_rules": ["EASY, barrelkannons, climb, cling, carry", "HARD, barrelkannons, climb, cling, carry", "HARD, barrelkannons, climb, cling, carry"],
                "chest_unopened_img": "images/checks/kremkoin_disabled.png",
                "chest_opened_img": "images/checks/kremkoin.png",
                "visibility_rules": [],
                "item_count": 1
            }
        ],
        "map_locations": [
            {
                "map": "Gloomy Gulch",
                "x": "357",
                "y": "91",
                "size": 20
            }
        ]
    }
]