[
    {
        "name": "Parrot Chute Panic",        
        "access_rules": [" "],
        "visibility_rules": [""],
        "sections": [
            {
                "name": "Clear",
                "access_rules": ["EASY, squawks", "NORMAL, squawks", "HARD, squawks", "HARD, helicopterspin, dixie"],
                "chest_unopened_img": "images/checks/clear_disabled.png",
                "chest_opened_img": "images/checks/clear.png",
                "visibility_rules": [],
                "item_count": 1
            },
            {
                "name": "DK Coin",
                "access_rules": ["EASY, helicopterspin, dixie", "NORMAL, helicopterspin, dixie", "HARD"],
                "chest_unopened_img": "images/checks/dkcoin_disabled.png",
                "chest_opened_img": "images/checks/dkcoin.png",
                "visibility_rules": [],
                "item_count": 1
            },
            {
                "name": "KONG",
                "access_rules": ["EASY, squawks", "NORMAL, squawks", "HARD, squawks", "HARD, helicopterspin, dixie"],
                "chest_unopened_img": "images/checks/kong_disabled.png",
                "chest_opened_img": "images/checks/kong.png",
                "visibility_rules": [],
                "item_count": 1
            },
            {
                "name": "Bonus #1",
                "access_rules": ["EASY, squawks", "NORMAL, squawks", "HARD, squawks"],
                "chest_unopened_img": "images/checks/kremkoin_disabled.png",
                "chest_opened_img": "images/checks/kremkoin.png",
                "visibility_rules": [],
                "item_count": 1
            },
            {
                "name": "Bonus #2",
                "access_rules": ["EASY, squawks, helicopterspin, dixie", "NORMAL, squawks, cartwheel, carry", "HARD, squawks, cartwheel", "HARD, squawks, helicopterspin, dixie", "HARD, squawks, diddy, dixie"],
                "chest_unopened_img": "images/checks/kremkoin_disabled.png",
                "chest_opened_img": "images/checks/kremkoin.png",
                "visibility_rules": [],
                "item_count": 1
            }
        ],
        "map_locations": [
            {
                "map": "Gloomy Gulch",
                "x": "666",
                "y": "185",
                "size": 20
            }
        ]
    }
]