[
    {
        "name": "Barrel Bayou",
        "access_rules": [" "],
        "visibility_rules": [""],
        "sections": [
            {
                "name": "Clear",
                "access_rules": ["EASY, controllablebarrels, rambi, barrelkannons", "NORMAL, controllablebarrels, barrelkannons", "HARD, controllablebarrels, barrelkannons"],
                "chest_unopened_img": "images/checks/clear_disabled.png",
                "chest_opened_img": "images/checks/clear.png",
                "visibility_rules": [],
                "item_count": 1
            },
            {
                "name": "DK Coin",
                "access_rules": ["EASY, controllablebarrels, rambi", "NORMAL, controllablebarrels, rambi", "HARD, controllablebarrels, rambi"],
                "chest_unopened_img": "images/checks/dkcoin_disabled.png",
                "chest_opened_img": "images/checks/dkcoin.png",
                "visibility_rules": [],
                "item_count": 1
            },
            {
                "name": "KONG",
                "access_rules": ["EASY, controllablebarrels, rambi, barrelkannons, cartwheel", "NORMAL, controllablebarrels, barrelkannons, cartwheel", "HARD, controllablebarrels, barrelkannons, cartwheel", "HARD, controllablebarrels, barrelkannons, teamattack, diddy, dixie"],
                "chest_unopened_img": "images/checks/kong_disabled.png",
                "chest_opened_img": "images/checks/kong.png",
                "visibility_rules": [],
                "item_count": 1
            },
            {
                "name": "Bonus #1",
                "access_rules": ["EASY, controllablebarrels, rambi, carry", "NORMAL, controllablebarrels, rambi, carry", "HARD, controllablebarrels, carry"],
                "chest_unopened_img": "images/checks/kremkoin_disabled.png",
                "chest_opened_img": "images/checks/kremkoin.png",
                "visibility_rules": [],
                "item_count": 1
            },
            {
                "name": "Bonus #2",
                "access_rules": ["EASY, controllablebarrels, rambi, barrelkannons, teamattack, diddy, dixie", "NORMAL, controllablebarrels, rambi, barrelkannons, teamattack, diddy, dixie", "HARD, controllablebarrels, barrelkannons"],
                "chest_unopened_img": "images/checks/kremkoin_disabled.png",
                "chest_opened_img": "images/checks/kremkoin.png",
                "visibility_rules": [],
                "item_count": 1
            }
        ],
        "map_locations": [
            {
                "map": "Krem Quay",
                "x": "106",
                "y": "381",
                "size": 20
            }
        ]
    }
]