[
    {
        "name": "Krockhead Klamber",
        "access_rules": [" "],
        "visibility_rules": [""],
        "sections": [
            {
                "name": "Clear",
                "access_rules": ["EASY, climb, barrelkannons, carry", "NORMAL, climb, barrelkannons", "HARD, climb"],
                "chest_unopened_img": "images/checks/clear_disabled.png",
                "chest_opened_img": "images/checks/clear.png",
                "visibility_rules": [],
                "item_count": 1
            },
            {
                "name": "DK Coin",
                "access_rules": ["EASY, teamattack, diddy, dixie, carry, cartwheel", "NORMAL, teamattack, diddy, dixie, carry, cartwheel", "HARD, carry, cartwheel"],
                "chest_unopened_img": "images/checks/dkcoin_disabled.png",
                "chest_opened_img": "images/checks/dkcoin.png",
                "visibility_rules": [],
                "item_count": 1
            },
            {
                "name": "KONG",
                "access_rules": ["EASY, climb, barrelkannons, carry", "NORMAL, climb, barrelkannons", "HARD, climb"],
                "chest_unopened_img": "images/checks/kong_disabled.png",
                "chest_opened_img": "images/checks/kong.png",
                "visibility_rules": [],
                "item_count": 1
            },
            {
                "name": "Bonus #1",
                "access_rules": ["EASY, climb, barrelkannons, teamattack, diddy, dixie, squitter", "NORMAL, climb, teamattack, diddy, dixie, squitter", "HARD, climb, teamattack, diddy, dixie, squitter"],
                "chest_unopened_img": "images/checks/kremkoin_disabled.png",
                "chest_opened_img": "images/checks/kremkoin.png",
                "visibility_rules": [],
                "item_count": 1
            }
        ],
        "map_locations": [
            {
                "map": "Krem Quay",
                "x": "559",
                "y": "369",
                "size": 20
            }
        ]
    }
]