[
    {
        "name": "Rattle Battle",
        "access_rules": [" "],
        "visibility_rules": [""],
        "sections": [
            {
                "name": "Clear",
                "access_rules": ["EASY, rattly", "NORMAL, rattly", "HARD, rattly"],
                "chest_unopened_img": "images/checks/clear_disabled.png",
                "chest_opened_img": "images/checks/clear.png",
                "visibility_rules": [],
                "item_count": 1
            },
            {
                "name": "DK Coin",
                "access_rules": ["EASY, rattly, barrelkannons", "NORMAL, rattly, barrelkannons", "HARD, rattly, barrelkannons"],
                "chest_unopened_img": "images/checks/dkcoin_disabled.png",
                "chest_opened_img": "images/checks/dkcoin.png",
                "visibility_rules": [],
                "item_count": 1
            },
            {
                "name": "KONG",
                "access_rules": ["EASY, rattly", "NORMAL, rattly", "HARD, rattly"],
                "chest_unopened_img": "images/checks/kong_disabled.png",
                "chest_opened_img": "images/checks/kong.png",
                "visibility_rules": [],
                "item_count": 1
            },
            {
                "name": "Bonus #1",
                "access_rules": ["EASY, barrelkannons, teamattack, diddy, dixie, helicopterspin", "NORMAL, barrelkannons, teamattack, diddy, dixie, helicopterspin", "NORMAL, barrelkannons, teamattack, diddy, dixie, cartwheel", "NORMAL, barrelkannons, helicopterspin, diddy, dixie, cartwheel"],
                "chest_unopened_img": "images/checks/kremkoin_disabled.png",
                "chest_opened_img": "images/checks/kremkoin.png",
                "visibility_rules": [],
                "item_count": 1
            },
            {
                "name": "Bonus #2",
                "access_rules": ["EASY, rattly", "NORMAL, rattly", "HARD, rattly"],
                "chest_unopened_img": "images/checks/kremkoin_disabled.png",
                "chest_opened_img": "images/checks/kremkoin.png",
                "visibility_rules": [],
                "item_count": 1
            },
            {
                "name": "Bonus #3",
                "access_rules": ["EASY, rattly", "NORMAL, rattly", "HARD, rattly"],
                "chest_unopened_img": "images/checks/kremkoin_disabled.png",
                "chest_opened_img": "images/checks/kremkoin.png",
                "visibility_rules": [],
                "item_count": 1
            }
        ],
        "map_locations": [
            {
                "map": "Krem Quay",
                "x": "719",
                "y": "324",
                "size": 20
            }
        ]
    }
]