[
    {
        "name": "Slime Climb",
        "access_rules": [" "],
        "visibility_rules": [""],
        "sections": [
            {
                "name": "Clear",
                "access_rules": ["EASY, climb, swim, carry, barrelkannons", "NORMAL, climb, swim, barrelkannons", "HARD, climb, barrelkannons"],
                "chest_unopened_img": "images/checks/clear_disabled.png",
                "chest_opened_img": "images/checks/clear.png",
                "visibility_rules": [],
                "item_count": 1
            },
            {
                "name": "DK Coin",
                "access_rules": ["EASY, climb, swim, carry, teamattack, dixie, diddy, exclamationbarrels", "NORMAL, climb, swim, teamattack, diddy, dixie, exclamationbarrels", "HARD, climb, swim"],
                "chest_unopened_img": "images/checks/dkcoin_disabled.png",
                "chest_opened_img": "images/checks/dkcoin.png",
                "visibility_rules": [],
                "item_count": 1
            },
            {
                "name": "KONG",
                "access_rules": ["EASY, climb, swim, carry, cartwheel", "EASY, climb, swim, carry, helicopterspin, dixie", "NORMAL, climb, swim, cartwheel", "NORMAL, climb, swim, helicopterspin, dixie", "HARD, climb, swim"],
                "chest_unopened_img": "images/checks/kong_disabled.png",
                "chest_opened_img": "images/checks/kong.png",
                "visibility_rules": [],
                "item_count": 1
            },
            {
                "name": "Bonus #1",
                "access_rules": ["EASY, climb, swim, carry, cling, cartwheel, exclamationbarrels", "NORMAL, climb, swim, cling, cartwheel, exclamationbarrels", "HARD, climb"],
                "chest_unopened_img": "images/checks/kremkoin_disabled.png",
                "chest_opened_img": "images/checks/kremkoin.png",
                "visibility_rules": [],
                "item_count": 1
            },
            {
                "name": "Bonus #2",
                "access_rules": ["EASY, climb, swim, carry", "NORMAL, climb, swim, carry", "HARD, climb, carry"],
                "chest_unopened_img": "images/checks/kremkoin_disabled.png",
                "chest_opened_img": "images/checks/kremkoin.png",
                "visibility_rules": [],
                "item_count": 1
            }
        ],
        "map_locations": [
            {
                "map": "Krem Quay",
                "x": "750",
                "y": "196",
                "size": 20
            }
        ]
    }
]