[
    {
        "name": "Hornet Hole",
        "access_rules": [" "],
        "visibility_rules": [""],
        "sections": [
            {
                "name": "Clear",
                "access_rules": ["EASY, helicopterspin, teamattack, diddy, dixie, squitter, barrelkannons, cling", "NORMAL, cling, squitter", "HARD, cling", "HARD, teamattack, diddy, dixie, squitter"],
                "chest_unopened_img": "images/checks/clear_disabled.png",
                "chest_opened_img": "images/checks/clear.png",
                "visibility_rules": [],
                "item_count": 1
            },
            {
                "name": "DK Coin",
                "access_rules": ["EASY, helicopterspin, teamattack, diddy, dixie, squitter, barrelkannons, cling", "NORMAL, cling, squitter, teamattack, diddy, dixie", "HARD, cling, teamattack, diddy, dixie, squitter"],
                "chest_unopened_img": "images/checks/dkcoin_disabled.png",
                "chest_opened_img": "images/checks/dkcoin.png",
                "visibility_rules": [],
                "item_count": 1
            },
            {
                "name": "KONG",
                "access_rules": ["EASY, helicopterspin, teamattack, diddy, dixie, squitter, barrelkannons, cling", "NORMAL, cling, squitter", "HARD, cling", "HARD, teamattack, diddy, dixie, squitter"],
                "chest_unopened_img": "images/checks/kong_disabled.png",
                "chest_opened_img": "images/checks/kong.png",
                "visibility_rules": [],
                "item_count": 1
            },
            {
                "name": "Bonus #1",
                "access_rules": ["EASY, teamattack, diddy, dixie, cling, carry", "NORMAL, cling, squitter, teamattack, diddy, dixie", "HARD, cling, teamattack, diddy, dixie, carry"],
                "chest_unopened_img": "images/checks/kremkoin_disabled.png",
                "chest_opened_img": "images/checks/kremkoin.png",
                "visibility_rules": [],
                "item_count": 1
            },
            {
                "name": "Bonus #2",
                "access_rules": ["EASY, teamattack, diddy, dixie, cling", "NORMAL, cling, squitter", "HARD, cling, teamattack, diddy, dixie"],
                "chest_unopened_img": "images/checks/kremkoin_disabled.png",
                "chest_opened_img": "images/checks/kremkoin.png",
                "visibility_rules": [],
                "item_count": 1
            },
            {
                "name": "Bonus #3",
                "access_rules": ["EASY, helicopterspin, teamattack, diddy, dixie, squitter, barrelkannons, cling", "NORMAL, cling, squitter, teamattack, diddy, dixie", "HARD, cling, teamattack, diddy, dixie, squitter"],
                "chest_unopened_img": "images/checks/kremkoin_disabled.png",
                "chest_opened_img": "images/checks/kremkoin.png",
                "visibility_rules": [],
                "item_count": 1
            }
        ],
        "map_locations": [
            {
                "map": "Krazy Kremland",
                "x": "48",
                "y": "270",
                "size": 20
            }
        ]
    }
]