[
    {
        "name": "Mudhole Marsh",        
        "access_rules": [" "],
        "visibility_rules": [""],
        "sections": [
            {
                "name": "Clear",
                "access_rules": ["EASY, climb, cling, exclamationbarrels", "NORMAL, climb, cling", "HARD, cling, helicopterspin, dixie", "HARD, cling, climb"],
                "chest_unopened_img": "images/checks/clear_disabled.png",
                "chest_opened_img": "images/checks/clear.png",
                "visibility_rules": [],
                "item_count": 1
            },
            {
                "name": "DK Coin",
                "access_rules": ["EASY, climb, cling, exclamationbarrels, helicopterspin, dixie", "NORMAL, climb, cling, helicopterspin, dixie", "HARD, cling, helicopterspin, dixie", "HARD, cling, climb"],
                "chest_unopened_img": "images/checks/dkcoin_disabled.png",
                "chest_opened_img": "images/checks/dkcoin.png",
                "visibility_rules": [],
                "item_count": 1
            },
            {
                "name": "KONG",
                "access_rules": ["EASY, climb, cling, exclamationbarrels, carry, teamattack, diddy, dixie", "NORMAL, climb, cling, carry, teamattack, diddy, dixie", "HARD, cling, carry, helicopterspin, dixie", "HARD, cling, carry, climb"],
                "chest_unopened_img": "images/checks/kong_disabled.png",
                "chest_opened_img": "images/checks/kong.png",
                "visibility_rules": [],
                "item_count": 1
            },
            {
                "name": "Bonus #1",
                "access_rules": ["EASY, climb, cling, exclamationbarrels, teamattack, diddy, dixie", "NORMAL, climb, cling, teamattack, diddy, dixie", "HARD, cling, teamattack, diddy, dixie"],
                "chest_unopened_img": "images/checks/kremkoin_disabled.png",
                "chest_opened_img": "images/checks/kremkoin.png",
                "visibility_rules": [],
                "item_count": 1
            },
            {
                "name": "Bonus #2",
                "access_rules": ["EASY, climb, cling, exclamationbarrels, carry", "NORMAL, climb, cling, carry", "HARD, cling, carry, climb", "HARD, cling, carry, helicopterspin, dixie"],
                "chest_unopened_img": "images/checks/kremkoin_disabled.png",
                "chest_opened_img": "images/checks/kremkoin.png",
                "visibility_rules": [],
                "item_count": 1
            }
        ],
        "map_locations": [
            {
                "map": "Krazy Kremland",
                "x": "236",
                "y": "324",
                "size": 20
            }
        ]
    }
]