[
    {
        "name": "Rambi Rumble",
        "access_rules": [" "],
        "visibility_rules": [""],
        "sections": [
            {
                "name": "Clear",
                "access_rules": ["EASY, cling, barrelkannons, rambi", "NORMAL, cling, barrelkannons, rambi", "HARD, cling, barrelkannons, rambi"],
                "chest_unopened_img": "images/checks/clear_disabled.png",
                "chest_opened_img": "images/checks/clear.png",
                "visibility_rules": [],
                "item_count": 1
            },
            {
                "name": "DK Coin",
                "access_rules": ["EASY, cling, barrelkannons", "NORMAL, cling, barrelkannons", "HARD, cling, barrelkannons"],
                "chest_unopened_img": "images/checks/dkcoin_disabled.png",
                "chest_opened_img": "images/checks/dkcoin.png",
                "visibility_rules": [],
                "item_count": 1
            },
            {
                "name": "KONG",
                "access_rules": ["EASY, cling, barrelkannons, rambi, cartwheel", "NORMAL, cling, barrelkannons, rambi, cartwheel", "HARD, cling, barrelkannons, rambi, cartwheel"],
                "chest_unopened_img": "images/checks/kong_disabled.png",
                "chest_opened_img": "images/checks/kong.png",
                "visibility_rules": [],
                "item_count": 1
            },
            {
                "name": "Bonus #1",
                "access_rules": ["EASY, cling, barrelkannons, teamattack, diddy, dixie", "NORMAL, cling, barrelkannons, teamattack, diddy, dixie", "HARD, cling, barrelkannons"],
                "chest_unopened_img": "images/checks/kremkoin_disabled.png",
                "chest_opened_img": "images/checks/kremkoin.png",
                "visibility_rules": [],
                "item_count": 1
            },
            {
                "name": "Bonus #2",
                "access_rules": ["EASY, cling, barrelkannons, rambi", "NORMAL, cling, barrelkannons, rambi", "HARD, cling, barrelkannons, rambi"],
                "chest_unopened_img": "images/checks/kremkoin_disabled.png",
                "chest_opened_img": "images/checks/kremkoin.png",
                "visibility_rules": [],
                "item_count": 1
            }
        ],
        "map_locations": [
            {
                "map": "Krazy Kremland",
                "x": "300",
                "y": "244",
                "size": 20
            }
        ]
    }
]