[
    {
        "name": "Rickety Race",
        "access_rules": [" "],
        "visibility_rules": [""],
        "sections": [
            {
                "name": "Clear",
                "access_rules": ["EASY, skullkart", "NORMAL, skullkart", "HARD, skullkart"],
                "chest_unopened_img": "images/checks/clear_disabled.png",
                "chest_opened_img": "images/checks/clear.png",
                "visibility_rules": [],
                "item_count": 1
            },
            {
                "name": "DK Coin",
                "access_rules": ["EASY, skullkart", "NORMAL, skullkart", "HARD, skullkart"],
                "chest_unopened_img": "images/checks/dkcoin_disabled.png",
                "chest_opened_img": "images/checks/dkcoin.png",
                "visibility_rules": [],
                "item_count": 1
            },
            {
                "name": "KONG",
                "access_rules": ["EASY, skullkart", "NORMAL, skullkart", "HARD, skullkart"],
                "chest_unopened_img": "images/checks/kong_disabled.png",
                "chest_opened_img": "images/checks/kong.png",
                "visibility_rules": [],
                "item_count": 1
            },
            {
                "name": "Bonus #1",
                "access_rules": ["EASY, skullkart, teamattack, diddy, dixie, hover", "NORMAL, skullkart, teamattack, diddy, dixie, helicopterspin", "NORMAL, skullkart, teamattack, diddy, dixie, cartwheel", "NORMAL, skullkart, teamattack, diddy, dixie, helicopterspin"],
                "chest_unopened_img": "images/checks/kremkoin_disabled.png",
                "chest_opened_img": "images/checks/kremkoin.png",
                "visibility_rules": [],
                "item_count": 1
            }
        ],
        "map_locations": [
            {
                "map": "Krazy Kremland",
                "x": "828",
                "y": "56",
                "size": 20
            }
        ]
    }
]