[
    {
        "name": "Target Terror",
        "access_rules": [" "],
        "visibility_rules": [""],
        "sections": [
            {
                "name": "Clear",
                "access_rules": ["EASY, skullkart, barrelkannons", "NORMAL, skullkart, barrelkannons", "HARD, skullkart, barrelkannons"],
                "chest_unopened_img": "images/checks/clear_disabled.png",
                "chest_opened_img": "images/checks/clear.png",
                "visibility_rules": [],
                "item_count": 1
            },
            {
                "name": "DK Coin",
                "access_rules": ["EASY, skullkart, barrelkannons", "NORMAL, skullkart, barrelkannons", "HARD, skullkart, barrelkannons"],
                "chest_unopened_img": "images/checks/dkcoin_disabled.png",
                "chest_opened_img": "images/checks/dkcoin.png",
                "visibility_rules": [],
                "item_count": 1
            },
            {
                "name": "KONG",
                "access_rules": ["EASY, skullkart, barrelkannons", "NORMAL, skullkart, barrelkannons", "HARD, skullkart, barrelkannons"],
                "chest_unopened_img": "images/checks/kong_disabled.png",
                "chest_opened_img": "images/checks/kong.png",
                "visibility_rules": [],
                "item_count": 1
            },
            {
                "name": "Bonus #1",
                "access_rules": ["EASY, skullkart, barrelkannons, squawks", "NORMAL, skullkart, barrelkannons, squawks", "HARD, skullkart, barrelkannons, squawks"],
                "chest_unopened_img": "images/checks/kremkoin_disabled.png",
                "chest_opened_img": "images/checks/kremkoin.png",
                "visibility_rules": [],
                "item_count": 1
            },
            {
                "name": "Bonus #2",
                "access_rules": ["EASY, skullkart, barrelkannons", "NORMAL, skullkart, barrelkannons", "HARD, skullkart, barrelkannons"],
                "chest_unopened_img": "images/checks/kremkoin_disabled.png",
                "chest_opened_img": "images/checks/kremkoin.png",
                "visibility_rules": [],
                "item_count": 1
            }
        ],
        "map_locations": [
            {
                "map": "Krazy Kremland",
                "x": "596",
                "y": "260",
                "size": 20
            }
        ]
    }
]