[    {
    "name": "Hot-Head Hop",
    "access_rules": [""],
    "visibility_rules": [""],
    "sections": [
        {
            "name": "Clear",
            "access_rules": ["EASY, barrelkannons", "NORMAL, barrelkannons", "NORMAL, squitter", "HARD, barrelkannons", "HARD, squitter", "HARD, teamattack, dixie, diddy, warpbarrels", "HARD, teamattack, dixie, diddy, helicopterspin"],
            "chest_unopened_img": "images/checks/clear_disabled.png",
            "chest_opened_img": "images/checks/clear.png",
            "visibility_rules": [],
            "item_count": 1
        },
        {
            "name": "DK Coin",
            "access_rules": ["EASY, squitter", "NORMAL, squitter", "HARD, squitter"],
            "chest_unopened_img": "images/checks/dkcoin_disabled.png",
            "chest_opened_img": "images/checks/dkcoin.png",
            "visibility_rules": [],
            "item_count": 1
        },
        {
            "name": "KONG",
            "access_rules": ["EASY, carry, teamattack", "EASY, carry, squitter", "NORMAL, carry, teamattack", "NORMAL, carry, squitter", "HARD, carry"],
            "chest_unopened_img": "images/checks/kong_disabled.png",
            "chest_opened_img": "images/checks/kong.png",
            "visibility_rules": [],
            "item_count": 1
        },
        {
            "name": "Bonus #1",
            "access_rules": ["EASY, carry", "NORMAL, carry", "HARD, carry"],
            "chest_unopened_img": "images/checks/kremkoin_disabled.png",
            "chest_opened_img": "images/checks/kremkoin.png",
            "visibility_rules": [],
            "item_count": 1
        },
        {
            "name": "Bonus #2",
            "access_rules": ["EASY, squitter", "NORMAL, squitter", "HARD, squitter"],
            "chest_unopened_img": "images/checks/kremkoin_disabled.png",
            "chest_opened_img": "images/checks/kremkoin.png",
            "visibility_rules": [],
            "item_count": 1
        },
        {
            "name": "Bonus #3",
            "access_rules": ["EASY, squitter, barrelkannons", "NORMAL, squitter, barrelkannons", "HARD, squitter"],
            "chest_unopened_img": "images/checks/kremkoin_disabled.png",
            "chest_opened_img": "images/checks/kremkoin.png",
            "visibility_rules": [],
            "item_count": 1
        }
    ],
    "map_locations": [
        {
            "map": "Crocodile Cauldron",
            "x": "497",
            "y": "395",
            "size": 20
        }
    ]
}
]

