[
    {
        "name": "Kannon's Klaim",
        "access_rules": [""],
        "visibility_rules": [""],
        "sections": [
            {
                "name": "Clear",
                "access_rules": ["EASY, carry, barrelkannons", "NORMAL, carry, barrelkannons", "HARD, barrelkannons"],
                "chest_unopened_img": "images/checks/clear_disabled.png",
                "chest_opened_img": "images/checks/clear.png",
                "visibility_rules": [],
                "item_count": 1
            },
            {
                "name": "DK Coin",
                "access_rules": ["EASY, helicopterspin, dixie", "NORMAL, helicopterspin, dixie", "NORMAL, cartwheel", "HARD, helicopterspin, dixie", "HARD, cartwheel"],
                "chest_unopened_img": "images/checks/dkcoin_disabled.png",
                "chest_opened_img": "images/checks/dkcoin.png",
                "visibility_rules": [],
                "item_count": 1
            },
            {
                "name": "KONG",
                "access_rules": ["EASY, carry, barrelkannons", "NORMAL, carry, barrelkannons", "HARD, carry, barrelkannons"],
                "chest_unopened_img": "images/checks/kong_disabled.png",
                "chest_opened_img": "images/checks/kong.png",
                "visibility_rules": [],
                "item_count": 1
            },
            {
                "name": "Bonus #1",
                "access_rules": ["EASY, kongbarrels, diddy, dixie, helicopterspin", "NORMAL, kongbarrels, diddy, dixie, helicopterspin", "HARD, helicopterspin, kongbarrels, diddy, dixie", "HARD, cartwheel, kongbarrels, diddy, dixie"],
                "chest_unopened_img": "images/checks/kremkoin_disabled.png",
                "chest_opened_img": "images/checks/kremkoin.png",
                "visibility_rules": [],
                "item_count": 1
            },
            {
                "name": "Bonus #2",
                "access_rules": ["EASY, carry, teamattack, dixie, diddy, barrelkannons", "NORMAL, carry, teamattack, dixie, diddy, barrelkannons", "HARD, barrelkannons"],
                "chest_unopened_img": "images/checks/kremkoin_disabled.png",
                "chest_opened_img": "images/checks/kremkoin.png",
                "visibility_rules": [],
                "item_count": 1
            },
            {
                "name": "Bonus #3",
                "access_rules": ["EASY, carry, barrelkannons", "NORMAL, carry, barrelkannons", "HARD, barrelkannons"],
                "chest_unopened_img": "images/checks/kremkoin_disabled.png",
                "chest_opened_img": "images/checks/kremkoin.png",
                "visibility_rules": [],
                "item_count": 1
            }
        ],
        "map_locations": [
            {
                "map": "Crocodile Cauldron",
                "x": "672",
                "y": "225",
                "size": 20
            }
        ]
    }
    ]