[
    {
        "name": "Kleever's Kiln",
        "overlay_background": "#000000",
        "access_rules": [
            " "
        ],
        "sections": [
            {
                "name": "Clear",
                "access_rules": ["EASY, carry, cling", "HARD, carry, cling", "NORMAL, carry, cling"],
                "chest_unopened_img": "images/checks/kremkoin_disabled.png",
                "chest_opened_img": "images/checks/kremkoin.png",
                "visibility_rules": [],
                "item_count": 1
            }
        ],
        "map_locations": [
            {
                "map": "Crocodile Cauldron",
                "x": "513",
                "y": "32",
                "size": 20
            }
        ]
    }
]