[
    {
        "name": "Lava Lagoon",
        "access_rules": [" "],
        "visibility_rules": [""],
        "sections": [
            {
                "name": "Clear",
                "access_rules": ["EASY, swim, clapper, exclamationbarrels, barrelkannons, enguarde", "NORMAL, swim, clapper, barrelkannons, enguarde", "HARD, clapper, swim", "HARD, teamattack, dixie, diddy, warpbarrels"],
                "chest_unopened_img": "images/checks/clear_disabled.png",
                "chest_opened_img": "images/checks/clear.png",
                "visibility_rules": [],
                "item_count": 1
            },
            {
                "name": "DK Coin",
                "access_rules": ["EASY, swim, clapper, exclamationbarrels, barrelkannons, enguarde", "NORMAL, swim, clapper, barrelkannons, enguarde", "HARD, clapper, swim"],
                "chest_unopened_img": "images/checks/dkcoin_disabled.png",
                "chest_opened_img": "images/checks/dkcoin.png",
                "visibility_rules": [],
                "item_count": 1
            },
            {
                "name": "KONG",
                "access_rules": ["EASY, swim, clapper, exclamationbarrels, barrelkannons, enguarde", "NORMAL, swim, clapper, barrelkannons, enguarde", "HARD, clapper, swim"],
                "chest_unopened_img": "images/checks/kong_disabled.png",
                "chest_opened_img": "images/checks/kong.png",
                "visibility_rules": [],
                "item_count": 1
            },
            {
                "name": "Bonus #1",
                "access_rules": ["EASY, swim, clapper, exclamationbarrels, barrelkannons, enguarde, carry", "NORMAL, swim, clapper, exclamationbarrels, barrelkannons, enguarde", "HARD, clapper, swim, carry, enguarde"],
                "chest_unopened_img": "images/checks/kremkoin_disabled.png",
                "chest_opened_img": "images/checks/kremkoin.png",
                "visibility_rules": [],
                "item_count": 1
            }
        ],
        "map_locations": [
            {
                "map": "Crocodile Cauldron",
                "x": "515",
                "y": "220",
                "size": 20
            }
        ]
    }
]