[
    {
        "name": "Red-Hot Ride",
        "access_rules": [""],
        "visibility_rules": [""],
        "sections": [
            {
                "name": "Clear",
                "access_rules": ["EASY, carry, rambi", "NORMAL", "HARD"],
                "chest_unopened_img": "images/checks/clear_disabled.png",
                "chest_opened_img": "images/checks/clear.png",
                "visibility_rules": [],
                "item_count": 1
            },
            {
                "name": "DK Coin",
                "access_rules": ["EASY, carry, rambi, teamattack", "NORMAL, carry, teamattack", "HARD, carry", "HARD, diddy, dixie"],
                "chest_unopened_img": "images/checks/dkcoin_disabled.png",
                "chest_opened_img": "images/checks/dkcoin.png",
                "visibility_rules": [],
                "item_count": 1
            },
            {
                "name": "KONG",
                "access_rules": ["EASY, carry, rambi", "NORMAL, carry, teamattack", "HARD, carry", "HARD, diddy, dixie"],
                "chest_unopened_img": "images/checks/kong_disabled.png",
                "chest_opened_img": "images/checks/kong.png",
                "visibility_rules": [],
                "item_count": 1
            },
            {
                "name": "Bonus #1",
                "access_rules": ["EASY, carry, rambi", "NORMAL, carry, rambi", "HARD, carry", "HARD, rambi"],
                "chest_unopened_img": "images/checks/kremkoin_disabled.png",
                "chest_opened_img": "images/checks/kremkoin.png",
                "visibility_rules": [],
                "item_count": 1
            },
            {
                "name": "Bonus #2",
                "access_rules": ["EASY, carry, rambi, helicopterspin, dixie", "NORMAL", "HARD"],
                "chest_unopened_img": "images/checks/kremkoin_disabled.png",
                "chest_opened_img": "images/checks/kremkoin.png",
                "visibility_rules": [],
                "item_count": 1
            }
        ],
        "map_locations": [
            {
                "map": "Crocodile Cauldron",
                "x": "346",
                "y": "215",
                "size": 20
            }
        ]
    }
]