[
    {
        "name": "Gangplank Galley",
        "access_rules": [
            " "
        ],
        "visibility_rules": [
            ""
        ],
        "sections": [
            {
                "name": "Clear",
                "access_rules": ["EASY, cling", "NORMAL, cling", "HARD, cling", "HARD, teamattack, dixie, diddy, warpbarrels", "HARD, teamattack, dixie, diddy, helicopterspin"],
                "chest_unopened_img": "images/checks/clear_disabled.png",
                "chest_opened_img": "images/checks/clear.png",
                "visibility_rules": [],
                "item_count": 1
            },
            {
                "name": "DK Coin",
                "access_rules": ["EASY, cling, helicopterspin, dixie", "EASY, cling, cartwheel", "NORMAL, cling, helicopterspin, dixie", "NORMAL, cling, cartwheel", "HARD, cartwheel, cling", "HARD, cartwheel, helicopterspin, dixie"],
                "chest_unopened_img": "images/checks/dkcoin_disabled.png",
                "chest_opened_img": "images/checks/dkcoin.png",
                "visibility_rules": [],
                "item_count": 1
            },
            {
                "name": "KONG",
                "access_rules": ["EASY, cling, carry, teamattack, dixie, diddy, barrelkannons", "NORMAL, cling, carry, teamattack, dixie, diddy", "HARD, carry, teamattack, dixie, diddy, cling", "HARD, carry, teamattack, dixie, diddy, helicopterspin"],
                "chest_unopened_img": "images/checks/kong_disabled.png",
                "chest_opened_img": "images/checks/kong.png",
                "visibility_rules": [],
                "item_count": 1
            },
            {
                "name": "Bonus #1",
                "access_rules": ["EASY, carry", "NORMAL, carry", "HARD, carry"],
                "chest_unopened_img": "images/checks/kremkoin_disabled.png",
                "chest_opened_img": "images/checks/kremkoin.png",
                "visibility_rules": [],
                "item_count": 1
            },
            {
                "name": "Bonus #2",
                "access_rules": ["EASY, cling, exclamationbarrels", "NORMAL, cling, exclamationbarrels", "HARD, cling, invincibility", "HARD, cling, teamattack, dixie, diddy", "HARD, helicopterspin, dixie, invincibility", "HARD, dixie, diddy, helicopterspin, teamattack"],
                "chest_unopened_img": "images/checks/kremkoin_disabled.png",
                "chest_opened_img": "images/checks/kremkoin.png",
                "visibility_rules": [],
                "item_count": 1
            }
        ],
        "map_locations": [
            {
                "map": "Gangplank Galleon",
                "x": "447",
                "y": "278",
                "size": 20
            }
        ]
    }
]