[
    {
        "name": "Krow's Nest",

        "overlay_background": "#000000",
        "access_rules": [
            " "
        ],
        "sections": [
            {
                "name": "Clear",
                "access_rules": ["EASY, carry", "NORMAL, carry", "HARD, carry"],
                "chest_unopened_img": "images/checks/kremkoin_disabled.png",
                "chest_opened_img": "images/checks/kremkoin.png",
                "visibility_rules": [],
                "item_count": 1
            }
        ],
        "map_locations": [
            {
                "map": "Gangplank Galleon",
                "x": "621",
                "y": "62",
                "size": 20
            }
        ]
    }
]