[
    {
        "name": "Lockjaw's Locker",
        "access_rules": [" "],
        "visibility_rules": [""],
        "sections": [
            {
                "name": "Clear",
                "access_rules": ["EASY, swim", "NORMAL, swim", "HARD, swim", "HARD, warpbarrels, teamattack, dixie, diddy"],
                "chest_unopened_img": "images/checks/clear_disabled.png",
                "chest_opened_img": "images/checks/clear.png",
                "visibility_rules": [],
                "item_count": 1
            },
            {
                "name": "DK Coin",
                "access_rules": ["EASY, swim, enguarde", "NORMAL, swim", "HARD, swim", "HARD, warpbarrels, teamattack, dixie, diddy"],
                "chest_unopened_img": "images/checks/dkcoin_disabled.png",
                "chest_opened_img": "images/checks/dkcoin.png",
                "visibility_rules": [],
                "item_count": 1
            },
            {
                "name": "KONG",
                "access_rules": ["EASY, swim", "NORMAL, swim", "HARD, swim"],
                "chest_unopened_img": "images/checks/kong_disabled.png",
                "chest_opened_img": "images/checks/kong.png",
                "visibility_rules": [],
                "item_count": 1
            },
            {
                "name": "Bonus #1",
                "access_rules": ["EASY, swim, enguarde", "NORMAL, swim, enguarde", "HARD, enguarde, swim", "HARD, enguarde, teamattack, dixie, diddy, helicopterspin"],
                "chest_unopened_img": "images/checks/kremkoin_disabled.png",
                "chest_opened_img": "images/checks/kremkoin.png",
                "visibility_rules": [],
                "item_count": 1
            }
        ],
        "map_locations": [
            {
                "map": "Gangplank Galleon",
                "x": "549",
                "y": "385",
                "size": 20
            }
        ]
    }
]