[
    {
        "name": "Mainbrace Mayhem",
        "access_rules": [""],
        "visibility_rules": [""],
        "sections": [
                {
                    "name": "Clear",
                    "access_rules": ["EASY, climb", "NORMAL, climb", "HARD, climb", "HARD, cartwheel, warpbarrels"],
                    "chest_unopened_img": "images/checks/clear_disabled.png",
                    "chest_opened_img": "images/checks/clear.png",
                    "item_count": 1
                },
                {
                    "name": "DK Coin",
                    "access_rules": ["EASY, climb, teamattack, dixie, diddy", "NORMAL, climb, teamattack, dixie, diddy", "HARD, cartwheel, warpbarrels", "HARD, climb, teamattack, dixie, diddy"],
                    "chest_unopened_img": "images/checks/dkcoin_disabled.png",
                    "chest_opened_img": "images/checks/dkcoin.png",
                    "item_count": 1
                },
                {
                    "name": "KONG",
                    "access_rules": ["EASY, climb", "NORMAL, climb", "HARD, climb", "HARD, cartwheel, warpbarrels"],
                    "chest_unopened_img": "images/checks/kong_disabled.png",
                    "chest_opened_img": "images/checks/kong.png",
                    "item_count": 1
                },
                {
                    "name": "Bonus #1",
                    "access_rules": ["EASY, climb, helicopterspin, dixie", "EASY, climb, cartwheel", "NORMAL, climb, helicopterspin, dixie", "NORMAL, climb, cartwheel", "HARD, climb, helicopterspin, dixie", "HARD, climb, cartwheel"],
                    "chest_unopened_img": "images/checks/kremkoin_disabled.png",
                    "chest_opened_img": "images/checks/kremkoin.png",
                    "item_count": 1
                },
                {
                    "name": "Bonus #2",
                    "access_rules": ["EASY, climb, carry", "NORMAL, climb, carry", "HARD, climb, carry"],
                    "chest_unopened_img": "images/checks/kremkoin_disabled.png",
                    "chest_opened_img": "images/checks/kremkoin.png",
                    "item_count": 1
                },
                {
                    "name": "Bonus #3",
                    "access_rules": ["EASY, climb, teamattack, dixie, diddy", "NORMAL, climb, teamattack, dixie, diddy", "HARD, warpbarrels, cartwheel", "HARD, warpbarrels, helicopterspin, dixie", "HARD, warpbarrels, teamattack, dixie, diddy", "HARD, climb, teamattack, dixie, diddy"],                    
                    "chest_unopened_img": "images/checks/kremkoin_disabled.png",
                    "chest_opened_img": "images/checks/kremkoin.png",
                    "item_count": 1
                }
            ],
        "map_locations": [
            {
                "map": "Gangplank Galleon",
                "x": "471",
                "y": "96",
                "size": 20
            }
        ]
    }
]