[
    {
        "name": "Arctic Abyss",
        "access_rules": [" "],
        "visibility_rules": [""],
        "sections": [
            {
                "name": "Clear",
                "access_rules": ["EASY, swim, enguarde", "NORMAL, swim, enguarde", "HARD, swim", "HARD, enguarde, cartwheel", "HARD, enguarde, helicopterspin, dixie"],
                "chest_unopened_img": "images/checks/clear_disabled.png",
                "chest_opened_img": "images/checks/clear.png",
                "visibility_rules": [],
                "item_count": 1
            },
            {
                "name": "DK Coin",
                "access_rules": ["EASY, swim, enguarde", "NORMAL, swim, enguarde", "HARD, swim", "HARD, enguarde, cartwheel", "HARD, enguarde, helicopterspin, dixie"],
                "chest_unopened_img": "images/checks/dkcoin_disabled.png",
                "chest_opened_img": "images/checks/dkcoin.png",
                "visibility_rules": [],
                "item_count": 1
            },
            {
                "name": "KONG",
                "access_rules": ["EASY, swim, enguarde, cartwheel", "EASY, swim, enguarde, helicopterspin, dixie", "NORMAL, swim, enguarde, cartwheel", "NORMAL, swim, enguarde, helicopterspin, dixie", "HARD, swim", "HARD, enguarde, cartwheel", "HARD, enguarde, helicopterspin, dixie"],
                "chest_unopened_img": "images/checks/kong_disabled.png",
                "chest_opened_img": "images/checks/kong.png",
                "visibility_rules": [],
                "item_count": 1
            },
            {
                "name": "Bonus #1",
                "access_rules": ["EASY, swim, enguarde", "NORMAL, swim, enguarde", "HARD, swim", "HARD, enguarde, cartwheel", "HARD, enguarde, helicopterspin, dixie"],
                "chest_unopened_img": "images/checks/kremkoin_disabled.png",
                "chest_opened_img": "images/checks/kremkoin.png",
                "visibility_rules": [],
                "item_count": 1
            },
            {
                "name": "Bonus #2",
                "access_rules": ["EASY, swim, enguarde, carry", "NORMAL, swim, enguarde, carry", "HARD, swim", "HARD, enguarde, cartwheel", "HARD, enguarde, helicopterspin, dixie"],
                "chest_unopened_img": "images/checks/kremkoin_disabled.png",
                "chest_opened_img": "images/checks/kremkoin.png",
                "visibility_rules": [],
                "item_count": 1
            }
        ],
        "map_locations": [
            {
                "map": "K. Rool's Keep",
                "x": "330",
                "y": "338",
                "size": 20
            }
        ]
    }
]