[
    {
        "name": "Castle Crush",
        "access_rules": [" "],
        "visibility_rules": [""],
        "sections": [
            {
                "name": "Clear",
                "access_rules": ["EASY, rambi, cartwheel, carry", "NORMAL, cartwheel", "NORMAL, rambi, carry", "HARD, cartwheel", "HARD, dixie, diddy"],
                "chest_unopened_img": "images/checks/clear_disabled.png",
                "chest_opened_img": "images/checks/clear.png",
                "visibility_rules": [],
                "item_count": 1
            },
            {
                "name": "DK Coin",
                "access_rules": ["EASY, rambi, cartwheel, carry, squawks", "NORMAL, cartwheel, squawks", "HARD, squawks, cartwheel", "HARD, squawks, diddy, dixie"],
                "chest_unopened_img": "images/checks/dkcoin_disabled.png",
                "chest_opened_img": "images/checks/dkcoin.png",
                "visibility_rules": [],
                "item_count": 1
            },
            {
                "name": "KONG",
                "access_rules": ["EASY, rambi, cartwheel, carry", "NORMAL, cartwheel", "NORMAL, rambi, carry", "HARD, cartwheel", "HARD, dixie, diddy"],
                "chest_unopened_img": "images/checks/kong_disabled.png",
                "chest_opened_img": "images/checks/kong.png",
                "visibility_rules": [],
                "item_count": 1
            },
            {
                "name": "Bonus #1",
                "access_rules": ["EASY, rambi, carry", "NORMAL, rambi, carry", "HARD, rambi, carry", "HARD, rambi, diddy, dixie"],
                "chest_unopened_img": "images/checks/kremkoin_disabled.png",
                "chest_opened_img": "images/checks/kremkoin.png",
                "visibility_rules": [],
                "item_count": 1
            },
            {
                "name": "Bonus #2",
                "access_rules": ["EASY, rambi, cartwheel, carry, squawks", "NORMAL, cartwheel", "NORMAL, squawks, carry", "HARD, carry, squawks, diddy, dixie", "HARD, carry, squawks, cartwheel", "HARD, carry, squawks, rambi"],
                "chest_unopened_img": "images/checks/kremkoin_disabled.png",
                "chest_opened_img": "images/checks/kremkoin.png",
                "visibility_rules": [],
                "item_count": 1
            }
        ],
        "map_locations": [
            {
                "map": "K. Rool's Keep",
                "x": "335",
                "y": "102",
                "size": 20
            }
        ]
    }
]