[
    {
        "name": "Chain Link Chamber",
        "access_rules": [" "],
        "visibility_rules": [""],
        "sections": [
            {
                "name": "Clear",
                "access_rules": ["EASY, climb, cling, barrelkannons, controllablebarrels, exclamationbarrels", "NORMAL, climb, cling", "NORMAL, climb, controllablebarrels, barrelkannons"],
                "chest_unopened_img": "images/checks/clear_disabled.png",
                "chest_opened_img": "images/checks/clear.png",
                "visibility_rules": [],
                "item_count": 1
            },
            {
                "name": "DK Coin",
                "access_rules": ["EASY, climb, cling, barrelkannons, controllablebarrels, exclamationbarrels", "NORMAL, climb, cling", "NORMAL, climb, controllablebarrels, barrelkannons"],
                "chest_unopened_img": "images/checks/dkcoin_disabled.png",
                "chest_opened_img": "images/checks/dkcoin.png",
                "visibility_rules": [],
                "item_count": 1
            },
            {
                "name": "KONG",
                "access_rules": ["EASY, climb, cling, barrelkannons, controllablebarrels, exclamationbarrels", "NORMAL, climb, cling", "NORMAL, climb, controllablebarrels, barrelkannons"],
                "chest_unopened_img": "images/checks/kong_disabled.png",
                "chest_opened_img": "images/checks/kong.png",
                "visibility_rules": [],
                "item_count": 1
            },
            {
                "name": "Bonus #1",
                "access_rules": ["EASY, climb, cling, carry", "NORMAL, cling, climb, carry", "HARD, climb, cling, carry"],
                "chest_unopened_img": "images/checks/kremkoin_disabled.png",
                "chest_opened_img": "images/checks/kremkoin.png",
                "visibility_rules": [],
                "item_count": 1
            },
            {
                "name": "Bonus #2",
                "access_rules": ["EASY, climb, cling, barrelkannons, controllablebarrels, exclamationbarrels, cartwheel", "NORMAL, climb, controllablebarrels, cling, cartwheel", "NORMAL, climb, controllablebarrels, cling, teamattack, diddy, dixie", "NORMAL, climb, controllablebarrels, barrelkannons, cartwheel", "NORMAL, climb, controllablebarrels, barrelkannons, teamattack, diddy, dixie"],
                "chest_unopened_img": "images/checks/kremkoin_disabled.png",
                "chest_opened_img": "images/checks/kremkoin.png",
                "visibility_rules": [],
                "item_count": 1
            }
        ],
        "map_locations": [
            {
                "map": "K. Rool's Keep",
                "x": "830",
                "y": "286",
                "size": 20
            }
        ]
    }
]