[
    {
        "name": "Clapper's Cavern",
        "access_rules": [""],
        "visibility_rules": [""],
        "sections": [
            {
                "name": "Clear",
                "access_rules": ["NORMAL, clapper, swim, barrelkannons, cling", "EASY, clapper, swim, barrelkannons, enguarde, cling, carry", "HARD, clapper, barrelkannons, cling, enguarde", "HARD, clapper, barrelkannons, cling, swim", "HARD, clapper, barrelkannons, cling, swim, exclamationbarrels"],
                "chest_unopened_img": "images/checks/clear_disabled.png",
                "chest_opened_img": "images/checks/clear.png",
                "visibility_rules": [],
                "item_count": 1
            },
            {
                "name": "DK Coin",
                "access_rules": ["NORMAL, teamattack, diddy, dixie", "EASY, clapper, cling, cartwheel, teamattack, diddy, dixie", "HARD, teamattack, diddy, dixie", "HARD, teamattack, diddy, dixie"],
                "chest_unopened_img": "images/checks/dkcoin_disabled.png",
                "chest_opened_img": "images/checks/dkcoin.png",
                "visibility_rules": [],
                "item_count": 1
            },
            {
                "name": "KONG",
                "access_rules": ["NORMAL, clapper, swim, barrelkannons, cling", "EASY, clapper, swim, barrelkannons, enguarde, cling, carry, teamattack, diddy, dixie, helicopterspin", "HARD, clapper, barrelkannons, cling, enguarde", "HARD, clapper, barrelkannons, cling, swim", "HARD, clapper, barrelkannons, cling, swim, exclamationbarrels"],
                "chest_unopened_img": "images/checks/kong_disabled.png",
                "chest_opened_img": "images/checks/kong.png",
                "visibility_rules": [],
                "item_count": 1
            },
            {
                "name": "Bonus #1",
                "access_rules": ["NORMAL, teamattack, diddy, dixie, cling", "EASY, teamattack, diddy, dixie, cling, cartwheel", "HARD, teamattack, diddy, dixie, cling"],
                "chest_unopened_img": "images/checks/kremkoin_disabled.png",
                "chest_opened_img": "images/checks/kremkoin.png",
                "visibility_rules": [],
                "item_count": 1
            },
            {
                "name": "Bonus #2",
                "access_rules": ["NORMAL, clapper, swim, barrelkannons, enguarde", "EASY, clapper, swim, barrelkannons, enguarde", "HARD, clapper, barrelkannons, enguarde"],
                "chest_unopened_img": "images/checks/kremkoin_disabled.png",
                "chest_opened_img": "images/checks/kremkoin.png",
                "visibility_rules": [],
                "item_count": 1
            }
        ],
        "map_locations": [
            {
                "map": "K. Rool's Keep",
                "x": "835",
                "y": "402",
                "size": 20
            }
        ]
    }
]