[
    {
        "name": "Toxic Tower",
        "access_rules": [" "],
        "visibility_rules": [""],
        "sections": [
            {
                "name": "Clear",
                "access_rules": ["EASY, rattly, squawks, squitter, barrelkannons", "NORMAL, rattly, squawks, squitter, barrelkannons", "HARD, rattly, squawks"],
                "chest_unopened_img": "images/checks/clear_disabled.png",
                "chest_opened_img": "images/checks/clear.png",
                "visibility_rules": [],
                "item_count": 1
            },
            {
                "name": "DK Coin",
                "access_rules": ["EASY, rattly, barrelkannons", "NORMAL, rattly, barrelkannons", "HARD, rattly"],
                "chest_unopened_img": "images/checks/dkcoin_disabled.png",
                "chest_opened_img": "images/checks/dkcoin.png",
                "visibility_rules": [],
                "item_count": 1
            },
            {
                "name": "KONG",
                "access_rules": ["EASY, rattly, squawks, squitter, barrelkannons", "NORMAL, rattly, squawks, squitter, barrelkannons", "HARD, rattly, squawks"],
                "chest_unopened_img": "images/checks/kong_disabled.png",
                "chest_opened_img": "images/checks/kong.png",
                "visibility_rules": [],
                "item_count": 1
            },
            {
                "name": "Bonus #1",
                "access_rules": ["EASY, rattly, squawks, squitter, barrelkannons", "NORMAL, rattly, squawks, squitter, barrelkannons", "HARD, rattly, squawks"],
                "chest_unopened_img": "images/checks/kremkoin_disabled.png",
                "chest_opened_img": "images/checks/kremkoin.png",
                "visibility_rules": [],
                "item_count": 1
            }
        ],
        "map_locations": [
            {
                "map": "K. Rool's Keep",
                "x": "830",
                "y": "124",
                "size": 20
            }
        ]
    }
]